{
  "run_name": "rtx6000_2000",
  "device": "Quadro RTX 6000",
  "episodes": 2000,
  "seed": 42,
  "scenario_revenues": {
    "scenario_1": {
      "T1": 145247.4821239601,
      "T2": 59331.90110164365,
      "WT": 51958.17601727178,
      "PV": 29840.67698910519,
      "V1": 35404.21135828027,
      "V2": 65671.60909732975,
      "total": 387454.05668759076
    },
    "scenario_2": {
      "T1": 64412.03342458459,
      "T2": 31318.573410019355,
      "WT": 99426.23636583178,
      "PV": 28303.874149884972,
      "V1": 121911.62848806607,
      "V2": 146670.29134164435,
      "total": 492042.6371800311
    },
    "scenario_3": {
      "T1": 254258.25407203238,
      "T2": 8338.6516601099,
      "WT": 170506.9880734239,
      "PV": 74569.98355912331,
      "V1": 281393.0070632914,
      "V2": 328931.5467890977,
      "total": 1117998.4312170784
    }
  },
  "algorithm_comparison": {
    "MATD3": {
      "T1": 29219.774207078446,
      "T2": 87312.67140854974,
      "WT": 153315.4501631669,
      "PV": 60203.00197622891,
      "V1": 211253.66198714584,
      "V2": 194218.10074493546,
      "total": 735522.6604871053
    },
    "MA-CETD3": {
      "T1": 254258.25407203238,
      "T2": 8338.6516601099,
      "WT": 170506.9880734239,
      "PV": 74569.98355912331,
      "V1": 281393.0070632914,
      "V2": 328931.5467890977,
      "total": 1117998.4312170784
    },
    "improvement_pct": 52.05
  },
  "notes": [
    "PNG visualizations were intentionally excluded from version control.",
    "This file captures the 2000-episode RTX6000 training run for reproducibility."
  ]
}
